<?xml version="1.0" encoding="UTF-8"?>
<GenRun Id="impl_1" LaunchPart="xcku040-ffva1156-2-e" LaunchTime="1688318038">
  <File Type="ROUTE-PWR" Name="system_top_power_routed.rpt"/>
  <File Type="PA-TCL" Name="system_top.tcl"/>
  <File Type="BITSTR-BMM" Name="system_top_bd.bmm"/>
  <File Type="ROUTE-PWR-SUM" Name="system_top_power_summary_routed.pb"/>
  <File Type="REPORTS-TCL" Name="system_top_reports.tcl"/>
  <File Type="OPT-DCP" Name="system_top_opt.dcp"/>
  <File Type="OPT-DRC" Name="system_top_drc_opted.rpt"/>
  <File Type="OPT-HWDEF" Name="system_top.hwdef"/>
  <File Type="PWROPT-DCP" Name="system_top_pwropt.dcp"/>
  <File Type="PLACE-DCP" Name="system_top_placed.dcp"/>
  <File Type="PLACE-IO" Name="system_top_io_placed.rpt"/>
  <File Type="PLACE-UTIL" Name="system_top_utilization_placed.rpt"/>
  <File Type="PLACE-UTIL-PB" Name="system_top_utilization_placed.pb"/>
  <File Type="PLACE-CTRL" Name="system_top_control_sets_placed.rpt"/>
  <File Type="PLACE-PRE-SIMILARITY" Name="system_top_incremental_reuse_pre_placed.rpt"/>
  <File Type="BG-BGN" Name="system_top.bgn"/>
  <File Type="POSTPLACE-PWROPT-DCP" Name="system_top_postplace_pwropt.dcp"/>
  <File Type="BG-BIN" Name="system_top.bin"/>
  <File Type="PHYSOPT-DCP" Name="system_top_physopt.dcp"/>
  <File Type="BITSTR-MSK" Name="system_top.msk"/>
  <File Type="ROUTE-ERROR-DCP" Name="system_top_routed_error.dcp"/>
  <File Type="ROUTE-DCP" Name="system_top_routed.dcp"/>
  <File Type="ROUTE-BLACKBOX-DCP" Name="system_top_routed_bb.dcp"/>
  <File Type="ROUTE-DRC" Name="system_top_drc_routed.rpt"/>
  <File Type="ROUTE-DRC-PB" Name="system_top_drc_routed.pb"/>
  <File Type="ROUTE-DRC-RPX" Name="system_top_drc_routed.rpx"/>
  <File Type="BITSTR-LTX" Name="system_top.ltx"/>
  <File Type="ROUTE-METHODOLOGY-DRC" Name="system_top_methodology_drc_routed.rpt"/>
  <File Type="BITSTR-MMI" Name="system_top.mmi"/>
  <File Type="ROUTE-METHODOLOGY-DRC-RPX" Name="system_top_methodology_drc_routed.rpx"/>
  <File Type="ROUTE-METHODOLOGY-DRC-PB" Name="system_top_methodology_drc_routed.pb"/>
  <File Type="BITSTR-SYSDEF" Name="system_top.sysdef"/>
  <File Type="ROUTE-PWR-RPX" Name="system_top_power_routed.rpx"/>
  <File Type="ROUTE-STATUS" Name="system_top_route_status.rpt"/>
  <File Type="ROUTE-STATUS-PB" Name="system_top_route_status.pb"/>
  <File Type="ROUTE-TIMINGSUMMARY" Name="system_top_timing_summary_routed.rpt"/>
  <File Type="ROUTE-TIMING-PB" Name="system_top_timing_summary_routed.pb"/>
  <File Type="ROUTE-TIMING-RPX" Name="system_top_timing_summary_routed.rpx"/>
  <File Type="ROUTE-CLK" Name="system_top_clock_utilization_routed.rpt"/>
  <File Type="ROUTE-BUS-SKEW" Name="system_top_bus_skew_routed.rpt"/>
  <File Type="ROUTE-BUS-SKEW-PB" Name="system_top_bus_skew_routed.pb"/>
  <File Type="ROUTE-BUS-SKEW-RPX" Name="system_top_bus_skew_routed.rpx"/>
  <File Type="POSTROUTE-PHYSOPT-DCP" Name="system_top_postroute_physopt.dcp"/>
  <File Type="POSTROUTE-PHYSOPT-BLACKBOX-DCP" Name="system_top_postroute_physopt_bb.dcp"/>
  <File Type="BG-BIT" Name="system_top.bit"/>
  <File Type="BITSTR-RBT" Name="system_top.rbt"/>
  <File Type="BITSTR-NKY" Name="system_top.nky"/>
  <File Type="BG-DRC" Name="system_top.drc"/>
  <File Type="RDI-RDI" Name="system_top.vdi"/>
  <File Type="WBT-USG" Name="usage_statistics_webtalk.html"/>
  <FileSet Name="sources" Type="DesignSrcs" RelSrcDir="$PSRCDIR/sources_1">
    <Filter Type="Srcs"/>
    <File Path="$PSRCDIR/sources_1/ip/pll_main/pll_main.xci">
      <FileInfo>
        <Attr Name="ImportPath" Val="$PPRDIR/../source/pll_main.xci"/>
        <Attr Name="ImportTime" Val="1546052903"/>
        <Attr Name="UsedIn" Val="synthesis"/>
        <Attr Name="UsedIn" Val="implementation"/>
        <Attr Name="UsedIn" Val="simulation"/>
      </FileInfo>
    </File>
    <File Path="$PSRCDIR/sources_1/imports/source/bhv_1w1r_sram.sv">
      <FileInfo>
        <Attr Name="ImportPath" Val="$PPRDIR/../source/bhv_1w1r_sram.sv"/>
        <Attr Name="ImportTime" Val="1546052903"/>
        <Attr Name="UsedIn" Val="synthesis"/>
        <Attr Name="UsedIn" Val="implementation"/>
        <Attr Name="UsedIn" Val="simulation"/>
      </FileInfo>
    </File>
    <File Path="$PSRCDIR/sources_1/imports/source/global.sv">
      <FileInfo SFType="VHeader">
        <Attr Name="ImportPath" Val="$PPRDIR/../source/global.sv"/>
        <Attr Name="ImportTime" Val="1688307823"/>
        <Attr Name="UsedIn" Val="synthesis"/>
        <Attr Name="UsedIn" Val="simulation"/>
      </FileInfo>
    </File>
    <File Path="$PSRCDIR/sources_1/imports/source/capture.sv">
      <FileInfo>
        <Attr Name="ImportPath" Val="$PPRDIR/../source/capture.sv"/>
        <Attr Name="ImportTime" Val="1688240554"/>
        <Attr Name="UsedIn" Val="synthesis"/>
        <Attr Name="UsedIn" Val="implementation"/>
        <Attr Name="UsedIn" Val="simulation"/>
      </FileInfo>
    </File>
    <File Path="$PSRCDIR/sources_1/imports/source/cnn.sv">
      <FileInfo>
        <Attr Name="ImportPath" Val="$PPRDIR/../source/cnn.sv"/>
        <Attr Name="ImportTime" Val="1688241208"/>
        <Attr Name="UsedIn" Val="synthesis"/>
        <Attr Name="UsedIn" Val="implementation"/>
        <Attr Name="UsedIn" Val="simulation"/>
      </FileInfo>
    </File>
    <File Path="$PSRCDIR/sources_1/imports/source/draw_rectangle.sv">
      <FileInfo>
        <Attr Name="ImportPath" Val="$PPRDIR/../source/draw_rectangle.sv"/>
        <Attr Name="ImportTime" Val="1688240560"/>
        <Attr Name="UsedIn" Val="synthesis"/>
        <Attr Name="UsedIn" Val="implementation"/>
        <Attr Name="UsedIn" Val="simulation"/>
      </FileInfo>
    </File>
    <File Path="$PSRCDIR/sources_1/imports/source/lenet.sv">
      <FileInfo>
        <Attr Name="ImportPath" Val="$PPRDIR/../source/lenet.sv"/>
        <Attr Name="ImportTime" Val="1688240568"/>
        <Attr Name="UsedIn" Val="synthesis"/>
        <Attr Name="UsedIn" Val="implementation"/>
        <Attr Name="UsedIn" Val="simulation"/>
      </FileInfo>
    </File>
    <File Path="$PSRCDIR/sources_1/imports/source/lenet_roms.sv">
      <FileInfo>
        <Attr Name="ImportPath" Val="$PPRDIR/../source/lenet_roms.sv"/>
        <Attr Name="ImportTime" Val="1688240566"/>
        <Attr Name="UsedIn" Val="synthesis"/>
        <Attr Name="UsedIn" Val="implementation"/>
        <Attr Name="UsedIn" Val="simulation"/>
      </FileInfo>
    </File>
    <File Path="$PSRCDIR/sources_1/imports/source/misc.sv">
      <FileInfo>
        <Attr Name="ImportPath" Val="$PPRDIR/../source/misc.sv"/>
        <Attr Name="ImportTime" Val="1688240572"/>
        <Attr Name="UsedIn" Val="synthesis"/>
        <Attr Name="UsedIn" Val="implementation"/>
        <Attr Name="UsedIn" Val="simulation"/>
      </FileInfo>
    </File>
    <File Path="$PSRCDIR/sources_1/imports/source/osd.sv">
      <FileInfo>
        <Attr Name="ImportPath" Val="$PPRDIR/../source/osd.sv"/>
        <Attr Name="ImportTime" Val="1688240574"/>
        <Attr Name="UsedIn" Val="synthesis"/>
        <Attr Name="UsedIn" Val="implementation"/>
        <Attr Name="UsedIn" Val="simulation"/>
      </FileInfo>
    </File>
    <File Path="$PSRCDIR/sources_1/imports/source/pll_main_clk_wiz.sv">
      <FileInfo>
        <Attr Name="ImportPath" Val="$PPRDIR/../source/pll_main_clk_wiz.sv"/>
        <Attr Name="ImportTime" Val="1546052903"/>
        <Attr Name="UsedIn" Val="synthesis"/>
        <Attr Name="UsedIn" Val="implementation"/>
        <Attr Name="UsedIn" Val="simulation"/>
      </FileInfo>
    </File>
    <File Path="$PSRCDIR/sources_1/imports/source/pll_main_stub.sv">
      <FileInfo>
        <Attr Name="ImportPath" Val="$PPRDIR/../source/pll_main_stub.sv"/>
        <Attr Name="ImportTime" Val="1546052903"/>
        <Attr Name="UsedIn" Val="synthesis"/>
        <Attr Name="UsedIn" Val="implementation"/>
        <Attr Name="UsedIn" Val="simulation"/>
      </FileInfo>
    </File>
    <File Path="$PSRCDIR/sources_1/imports/source/xilinx_1w1r_sram.sv">
      <FileInfo>
        <Attr Name="ImportPath" Val="$PPRDIR/../source/xilinx_1w1r_sram.sv"/>
        <Attr Name="ImportTime" Val="1546052903"/>
        <Attr Name="UsedIn" Val="synthesis"/>
        <Attr Name="UsedIn" Val="implementation"/>
        <Attr Name="UsedIn" Val="simulation"/>
      </FileInfo>
    </File>
    <File Path="$PSRCDIR/sources_1/imports/source/xilinx_srams.sv">
      <FileInfo>
        <Attr Name="ImportPath" Val="$PPRDIR/../source/xilinx_srams.sv"/>
        <Attr Name="ImportTime" Val="1546052903"/>
        <Attr Name="UsedIn" Val="synthesis"/>
        <Attr Name="UsedIn" Val="implementation"/>
        <Attr Name="UsedIn" Val="simulation"/>
      </FileInfo>
    </File>
    <File Path="$PSRCDIR/sources_1/imports/source/lenet_top.sv">
      <FileInfo>
        <Attr Name="ImportPath" Val="$PPRDIR/../source/lenet_top.sv"/>
        <Attr Name="ImportTime" Val="1688305033"/>
        <Attr Name="UsedIn" Val="synthesis"/>
        <Attr Name="UsedIn" Val="implementation"/>
        <Attr Name="UsedIn" Val="simulation"/>
      </FileInfo>
    </File>
    <File Path="$PSRCDIR/sources_1/imports/source/conv1_tb.sv">
      <FileInfo>
        <Attr Name="AutoDisabled" Val="1"/>
        <Attr Name="ImportPath" Val="$PPRDIR/../source/conv1_tb.sv"/>
        <Attr Name="ImportTime" Val="1546052904"/>
        <Attr Name="UsedIn" Val="synthesis"/>
        <Attr Name="UsedIn" Val="implementation"/>
        <Attr Name="UsedIn" Val="simulation"/>
      </FileInfo>
    </File>
    <File Path="$PSRCDIR/sources_1/imports/source/draw_top.sv">
      <FileInfo>
        <Attr Name="AutoDisabled" Val="1"/>
        <Attr Name="ImportPath" Val="$PPRDIR/../source/draw_top.sv"/>
        <Attr Name="ImportTime" Val="1688240550"/>
        <Attr Name="UsedIn" Val="synthesis"/>
        <Attr Name="UsedIn" Val="implementation"/>
        <Attr Name="UsedIn" Val="simulation"/>
      </FileInfo>
    </File>
    <File Path="$PSRCDIR/sources_1/imports/source/bhvsrams.sv">
      <FileInfo>
        <Attr Name="AutoDisabled" Val="1"/>
        <Attr Name="ImportPath" Val="$PPRDIR/../source/bhvsrams.sv"/>
        <Attr Name="ImportTime" Val="1546052903"/>
        <Attr Name="UsedIn" Val="synthesis"/>
        <Attr Name="UsedIn" Val="implementation"/>
        <Attr Name="UsedIn" Val="simulation"/>
      </FileInfo>
    </File>
    <File Path="$PSRCDIR/sources_1/imports/source/pll_main.sv">
      <FileInfo>
        <Attr Name="AutoDisabled" Val="1"/>
        <Attr Name="ImportPath" Val="$PPRDIR/../source/pll_main.sv"/>
        <Attr Name="ImportTime" Val="1546052903"/>
        <Attr Name="UsedIn" Val="synthesis"/>
        <Attr Name="UsedIn" Val="implementation"/>
        <Attr Name="UsedIn" Val="simulation"/>
      </FileInfo>
    </File>
    <File Path="$PSRCDIR/sources_1/imports/source/bhv_1p_sram.sv">
      <FileInfo>
        <Attr Name="AutoDisabled" Val="1"/>
        <Attr Name="ImportPath" Val="$PPRDIR/../source/bhv_1p_sram.sv"/>
        <Attr Name="ImportTime" Val="1546052903"/>
        <Attr Name="UsedIn" Val="synthesis"/>
        <Attr Name="UsedIn" Val="implementation"/>
        <Attr Name="UsedIn" Val="simulation"/>
      </FileInfo>
    </File>
    <File Path="$PSRCDIR/sources_1/imports/source/bhv_1w1r_sram_wp.sv">
      <FileInfo>
        <Attr Name="AutoDisabled" Val="1"/>
        <Attr Name="ImportPath" Val="$PPRDIR/../source/bhv_1w1r_sram_wp.sv"/>
        <Attr Name="ImportTime" Val="1546052903"/>
        <Attr Name="UsedIn" Val="synthesis"/>
        <Attr Name="UsedIn" Val="implementation"/>
        <Attr Name="UsedIn" Val="simulation"/>
      </FileInfo>
    </File>
    <File Path="$PSRCDIR/sources_1/imports/source/glbl.sv">
      <FileInfo>
        <Attr Name="AutoDisabled" Val="1"/>
        <Attr Name="ImportPath" Val="$PPRDIR/../source/glbl.sv"/>
        <Attr Name="ImportTime" Val="1546052903"/>
        <Attr Name="UsedIn" Val="synthesis"/>
        <Attr Name="UsedIn" Val="implementation"/>
        <Attr Name="UsedIn" Val="simulation"/>
      </FileInfo>
    </File>
    <File Path="$PSRCDIR/sources_1/imports/source/lenet_tb.sv">
      <FileInfo>
        <Attr Name="AutoDisabled" Val="1"/>
        <Attr Name="ImportPath" Val="$PPRDIR/../source/lenet_tb.sv"/>
        <Attr Name="ImportTime" Val="1688298178"/>
        <Attr Name="UsedIn" Val="synthesis"/>
        <Attr Name="UsedIn" Val="implementation"/>
        <Attr Name="UsedIn" Val="simulation"/>
      </FileInfo>
    </File>
    <File Path="$PSRCDIR/sources_1/imports/source/xilinx_1p_sram.sv">
      <FileInfo>
        <Attr Name="AutoDisabled" Val="1"/>
        <Attr Name="ImportPath" Val="$PPRDIR/../source/xilinx_1p_sram.sv"/>
        <Attr Name="ImportTime" Val="1546052903"/>
        <Attr Name="UsedIn" Val="synthesis"/>
        <Attr Name="UsedIn" Val="implementation"/>
        <Attr Name="UsedIn" Val="simulation"/>
      </FileInfo>
    </File>
    <File Path="$PSRCDIR/sources_1/imports/source/xilinx_1w1r_sram_wp8.sv">
      <FileInfo>
        <Attr Name="AutoDisabled" Val="1"/>
        <Attr Name="ImportPath" Val="$PPRDIR/../source/xilinx_1w1r_sram_wp8.sv"/>
        <Attr Name="ImportTime" Val="1546052903"/>
        <Attr Name="UsedIn" Val="synthesis"/>
        <Attr Name="UsedIn" Val="implementation"/>
        <Attr Name="UsedIn" Val="simulation"/>
      </FileInfo>
    </File>
    <File Path="$PSRCDIR/sources_1/imports/source/pll_main_sim_netlist.vhdl">
      <FileInfo>
        <Attr Name="AutoDisabled" Val="1"/>
        <Attr Name="ImportPath" Val="$PPRDIR/../source/pll_main_sim_netlist.vhdl"/>
        <Attr Name="ImportTime" Val="1546052903"/>
        <Attr Name="UsedIn" Val="synthesis"/>
        <Attr Name="UsedIn" Val="simulation"/>
      </FileInfo>
    </File>
    <File Path="$PSRCDIR/sources_1/imports/source/pll_main_stub.vhdl">
      <FileInfo>
        <Attr Name="AutoDisabled" Val="1"/>
        <Attr Name="ImportPath" Val="$PPRDIR/../source/pll_main_stub.vhdl"/>
        <Attr Name="ImportTime" Val="1546052903"/>
        <Attr Name="UsedIn" Val="synthesis"/>
        <Attr Name="UsedIn" Val="simulation"/>
      </FileInfo>
    </File>
    <File Path="$PSRCDIR/sources_1/imports/source/pll_main.dcp">
      <FileInfo>
        <Attr Name="AutoDisabled" Val="1"/>
        <Attr Name="ImportPath" Val="$PPRDIR/../source/pll_main.dcp"/>
        <Attr Name="ImportTime" Val="1546052903"/>
        <Attr Name="UsedIn" Val="synthesis"/>
        <Attr Name="UsedIn" Val="implementation"/>
      </FileInfo>
    </File>
    <File Path="$PSRCDIR/sources_1/imports/source/pll_main.veo">
      <FileInfo>
        <Attr Name="ImportPath" Val="$PPRDIR/../source/pll_main.veo"/>
        <Attr Name="ImportTime" Val="1546052903"/>
      </FileInfo>
    </File>
    <Config>
      <Option Name="DesignMode" Val="RTL"/>
      <Option Name="TopModule" Val="system_top"/>
      <Option Name="TopAutoSet" Val="TRUE"/>
    </Config>
  </FileSet>
  <FileSet Name="constrs_in" Type="Constrs" RelSrcDir="$PSRCDIR/constrs_1">
    <Filter Type="Constrs"/>
    <Config>
      <Option Name="ConstrsType" Val="XDC"/>
    </Config>
  </FileSet>
  <FileSet Name="utils" Type="Utils" RelSrcDir="$PSRCDIR/utils_1">
    <Filter Type="Utils"/>
    <Config>
      <Option Name="TopAutoSet" Val="TRUE"/>
    </Config>
  </FileSet>
  <Strategy Version="1" Minor="2">
    <StratHandle Name="Vivado Implementation Defaults" Flow="Vivado Implementation 2018"/>
    <Step Id="init_design"/>
    <Step Id="opt_design"/>
    <Step Id="power_opt_design"/>
    <Step Id="place_design"/>
    <Step Id="post_place_power_opt_design"/>
    <Step Id="phys_opt_design"/>
    <Step Id="route_design"/>
    <Step Id="post_route_phys_opt_design"/>
    <Step Id="write_bitstream"/>
  </Strategy>
</GenRun>
